
{
    "comment" : "This file is used to help set default values when using the dotnet CLI extension Amazon.ElasticBeanstalk.Tools. For more information run \"dotnet eb --help\" from the project root.",
    "profile" : "default",
    "region"  : "us-west-2",
    "application" : "UrlRedirector2",
    "environment" : "UrlRedirector2-dev",
    "cname"       : "urlredirector2-dev",
    "solution-stack" : "64bit Windows Server Core 2019 v2.5.6 running IIS 10.0",
    "environment-type" : "SingleInstance",
    "instance-profile" : "aws-elasticbeanstalk-ec2-role",
    "service-role"     : "aws-elasticbeanstalk-service-role",
    "health-check-url" : "/",
    "instance-type"    : "t3a.medium",
    "key-pair"         : "",
    "iis-website"      : "Default Web Site",
    "app-path"         : "/",
    "enable-xray"      : false,
    "configuration"    : "Debug",
    "framework"        : "netcoreapp3.1",
    "self-contained"   : false,
    "enhanced-health-type" : "basic",
    "additional-options"   : "\"aws:autoscaling:launchconfiguration,SecurityGroups\"=\"sg-805cdbd5,sg-09cdfc82352d53019\";\"aws:ec2:vpc,Subnets\"=\"subnet-3c987176\"",
    "proxy-server"         : "nginx"
}